keyword,title,company,location,tags
software engineer,Senior Account Manager,Keyloop,South Africa,"['manager', 'training', 'support', 'growth', 'director', 'travel', 'investment', 'senior', 'operational', 'sales']"
software engineer,Manager Digital Media Strategy,"Adswerve, Inc",,"['manager', 'consultancy', 'technical', 'support', 'strategy', 'lead', 'senior']"
software engineer,Digital Media Strategist,"Adswerve, Inc",,"['consultancy', 'architect', 'technical', 'strategist', 'testing', 'growth', 'strategy', 'lead', 'executive']"
software engineer,Product Manager ChartCheck,Radformation,,['manager']
software engineer,Product Growth Marketer,Happily,,"['marketing', 'product']"
software engineer,Crypto Trader,Fox GLobal Assets,,"['finance', 'education', 'crypto', 'legal', 'junior', 'web3', 'blockchain', 'defi', 'part time', 'other', 'stats', 'ops']"
software engineer,Software Engineer Identity & Access,Patreon,,"['software', 'security', 'python', 'support', 'testing', 'growth', 'code', 'senior', 'reliability', 'engineer', 'engineering']"
software engineer,Technical Implementations Lead US,Smile Digital Health,Remote US,"['system', 'security', 'python', 'technical', 'support', 'software', 'javascript', 'java', 'cloud', 'management', 'lead', 'medical', 'health', 'healthcare', 'engineering']"
software engineer,Manager Healthcare Data Analytics,Habitat Health,,"['manager', 'support', 'analytics', 'medical', 'health', 'healthcare', 'non tech']"
software engineer,Account Executive Collections Credit Card,BHG Financial,Remote,"['training', 'growth', 'finance', 'financial', 'management', 'executive']"
software engineer,Sr Technical Program Manager Order Management Services,Natera,US Remote,"['manager', 'system', 'technical', 'management', 'lead', 'operational', 'reliability', 'engineering']"
software engineer,Nurse Care Manager MST,Evergreen Nephrology,,"['manager', 'system', 'healthcare']"
software engineer,Manager Care Team Assistant,Imagine Pediatrics,,"['manager', 'assistant', 'coordinator', 'support', 'health', 'non tech']"
software engineer,Senior Product Manager Applied AI,Smartsheet,,"['manager', 'director', 'management', 'senior', 'junior']"
software engineer,Revenue Specialist First Party Auto MVA,EnableComp,,"['system', 'security', 'support', 'growth', 'financial', 'education', 'management', 'health', 'healthcare']"
software engineer,SVP Sales,InMarket,,"['growth', 'mobile', 'leader', 'lead', 'operational', 'marketing', 'sales']"
software engineer,Senior Technical Lead,Calibrate Group AI,,['engineer']
software engineer,Product Engineer,SuperPlane,,"['senior', 'engineer', 'exec']"
software engineer,Interior Design Specifier,Bold Business,"India, Latin America, Philippines","['design', 'designer', 'technical', 'support', 'code', 'strategy', 'lead', 'sales', 'digital nomad']"
software engineer,Software Engineer Android,Superhuman,Berlin,"['software', 'design', 'technical', 'support', 'ui', 'assistant', 'mobile', 'android', 'health', 'engineer', 'recruitment', 'educational', 'full-time', 'digital nomad']"
software engineer,Product Manager Data Platform,Spotify,Toronto,"['manager', 'growth']"
software engineer,Senior EDI e invoicing Integration Engineer with English and German French Italian Chinese,ecosio,,"['saas', 'system', 'technical', 'web', 'cloud', 'senior', 'engineer', 'engineering']"
software engineer,Field Marketing Manager,Brandwatch,,"['manager', 'growth', 'voice', 'strategy', 'lead', 'content', 'marketer', 'marketing', 'sales']"
software engineer,Creative Strategist,Maneuver Marketing,,"['strategist', 'support', 'testing', 'growth', 'financial', 'video', 'ads', 'strategy', 'content', 'marketing', 'health', 'educational']"
software engineer,Creative Strategist,Maneuver Marketing,,"['strategist', 'testing', 'growth', 'financial', 'strategy', 'marketing', 'health']"
software engineer,Data Analyst,Criptoro,,"['other', 'analyst', 'crypto', 'defi', 'blockchain', 'web3']"
software engineer,Imaging Research and Development Associate,Alimentiv,,"['design', 'training', 'support', 'voice', 'management', 'operational', 'digital nomad']"
software engineer,Learning and Development Specialist,Headlight,,"['system', 'training', 'support', 'adult', 'microsoft', 'management', 'content', 'operational', 'health', 'healthcare']"
software engineer,VP of Engineering,Sureify,US,"['technical', 'software', 'lead', 'operational', 'engineering']"
software engineer,Licensed Mental Health Counselor,LifeStance Health,"Tacoma, WA","['lead', 'medical', 'health', 'healthcare', 'full-time', 'non tech']"
software engineer,Business Development Representative Enterprise,Spellbook,,"['saas', 'support', 'software', 'test', 'manager', 'microsoft', 'lead', 'legal', 'sales', 'health', 'recruitment']"
software engineer,Project Manager I,TEECOM,Remote - United States,"['manager', 'training', 'designer', 'recruiter', 'support', 'travel', 'financial', 'microsoft', 'management', 'lead', 'operations', 'operational', 'legal', 'reliability', 'health', 'recruiting', 'recruitment', 'full-time', 'non tech']"
software engineer,Customer Success Engineer,Wrike,US,"['saas', 'training', 'technical', 'investment', 'management', 'lead', 'senior', 'engineer']"
software engineer,Senior Sales Operations Analyst,Honeycomb.io,United States,"['analyst', 'developer', 'senior', 'operations', 'sales', 'digital nomad']"
software engineer,Certified Medical Coder,Cartwheel,"Cambridge, MA","['coder', 'students', 'director', 'strategy', 'lead', 'operational', 'health', 'non tech']"
software engineer,Vice President Marketing,Imagine Pediatrics,,"['support', 'leader', 'strategy', 'marketing', 'health', 'non tech']"
software engineer,Local Advertising Account Executive,Axios,"Atlanta, GA","['testing', 'financial', 'healthcare', 'executive']"
software engineer,Senior Site Reliability Engineer,UJET,"Austin, TX, US","['design', 'system', 'technical', 'growth', 'cloud', 'leader', 'senior', 'operations', 'operational', 'reliability', 'engineer', 'engineering', 'digital nomad']"
software engineer,VP People Operations,Machinify,Remote - US,"['design', 'hr', 'system', 'financial', 'operations', 'health', 'healthcare', 'digital nomad']"
software engineer,Geospatial Database Administrator,Ardent,,"['system', 'support', 'administrator', 'management']"
software engineer,Product Lead Agentic Ads Platform,Hightouch,"SF, NY, Remote","['strategist', 'test', 'growth', 'travel', 'cloud', 'ads', 'leader', 'lead', 'marketing']"
software engineer,Performance Marketing Manager,Komodo Health,United States,"['manager', 'system', 'software', 'marketing', 'medical', 'healthcare']"
software engineer,Purchasing Specialist III,LG Electronics,"Huntsville, AL","['support', 'c', 'leader', 'management', 'operations', 'health', 'non tech']"
software engineer,Senior Software Engineer Golang,Insider One,"Istanbul, Turkiye","['software', 'design', 'saas', 'system', 'training', 'technical', 'testing', 'code', 'voice', 'senior', 'marketing', 'go', 'golang', 'health', 'engineer', 'engineering', 'backend', 'digital nomad']"
software engineer,Sales Executive,OneVest,United States of America,"['salesforce', 'financial', 'management', 'sales', 'executive']"
software engineer,Senior Systems Administrator,Entersekt,Oslo,"['system', '3d', 'teaching', 'financial', 'banking', 'administrator', 'mobile', 'leader', 'senior']"
software engineer,Senior Product Designer,Fluxon,United States,"['design', 'designer', 'senior', 'engineering', 'digital nomad']"
software engineer,Master Scheduler,DEFCON AI,USA,"['coordinator', 'software', 'operational', 'engineering']"
software engineer,AI Transformation Lead,Insider One,"Istanbul, Turkiye","['design', 'saas', 'training', 'technical', 'support', 'developer', 'software', 'test', 'code', 'scrum', 'voice', 'qa', 'strategy', 'management', 'lead', 'marketing', 'go', 'health', 'digital nomad']"
software engineer,Solution Expert,360Learning,"Canada, Remote","['saas', 'hr', 'consulting', 'technical', 'support', 'leader', 'management', 'lead', 'health', 'executive']"
software engineer,VP Sales,Unlimit,,"['growth', 'financial', 'fintech', 'rails', 'management', 'lead', 'senior', 'sales']"
software engineer,NEOWIZ Santa Monica Localization Manager,Neowiz,NEOWIZ SANTA MONICA,"['manager', 'game', 'support', 'voice', 'strategy', 'management', 'content', 'operational', 'marketing', 'non tech']"
software engineer,Executive Director Regulatory Affairs,Kyverna Therapeutics,Remote,"['director', 'support', 'leader', 'strategy', 'management', 'lead', 'senior', 'operational', 'legal', 'health', 'executive']"
software engineer,AI Senior Fullstack Engineer,Contentsquare,Germany,"['front-end', 'support', 'software', 'web', 'leader', 'senior', 'analytics', 'engineer', 'engineering', 'recruitment', 'fullstack', 'full-time']"
software engineer,Sales Development Representative,Jeeves,Argentina,"['system', 'training', 'software', 'financial', 'finance', 'fintech', 'management', 'lead', 'content', 'marketing', 'sales', 'full-time']"
software engineer,Deputy Director Non entive Programs,CALSTART,"Remote, CA","['director', 'security', 'training', 'technical', 'support', 'software', 'growth', 'travel', 'bank', 'leader', 'strategy', 'management', 'content', 'senior', 'operational', 'health', 'recruiting', 'recruitment']"
software engineer,Backend Engineer Rome,Air Apps,Rome,"['design', 'graphql', 'frontend', 'support', 'software', 'testing', 'code', 'financial', 'cloud', 'git', 'operations', 'reliability', 'health', 'engineer', 'engineering', 'backend', 'digital nomad']"
software engineer,Operations Associate Payment Integrity,Clover Health,USA,"['support', 'financial', 'management', 'operations', 'medical', 'health', 'healthcare', 'backend', 'non tech']"
software engineer,Nurse Care Manager Transitions of Care,Evergreen Nephrology,,"['manager', 'system', 'healthcare']"
software engineer,Content Compliance Manager OTC Supplements and Cosmetics,Strive Pharmacy,,"['manager', 'content', 'health', 'healthcare', 'non tech']"
software engineer,Senior Solution Consultant,Highspot,United States,"['consultant', 'salesforce', 'infosec', 'technical', 'support', 'software', 'api', 'microsoft', 'management', 'lead', 'content', 'senior', 'sales', 'health', 'engineer', 'executive']"
software engineer,Technical Support Manager,Promenade,Remote,"['manager', 'saas', 'technical', 'support', 'software', 'voice', 'management', 'lead', 'senior', 'operations', 'operational', 'excel', 'engineering']"
software engineer,Creative Director,Runway,,"['director', 'video', 'leader', 'content', 'senior', 'marketing', 'go', 'non tech']"
software engineer,Spanish Bilingual Certified Pharmacy Technician Refill & Medication Adherence,Shields Health Solutions,,"['system', 'support', 'medical', 'health']"
software engineer,Manager Retention,Evolve,,"['manager', 'consult', 'strategy', 'management', 'lead', 'senior']"
software engineer,Engineering Manager,Calendly,Remote,"['manager', 'technical', 'software', 'growth', 'director', 'api', 'leader', 'senior', 'engineering']"
software engineer,Senior React Native Developer,Headway,,"['engineer', 'mobile', 'javascript', 'react', 'dev', 'iOS', 'android']"
software engineer,Global Data Partnership Director,Insider One,United States,"['director', 'saas', 'training', 'consulting', 'test', 'growth', 'code', 'voice', 'management', 'content', 'marketing', 'sales', 'go']"
software engineer,PR Social Media Intern,Sezzle,Colombia,"['support', 'video', 'fintech', 'content', 'marketing', 'sales', 'ecommerce', 'non tech']"
software engineer,Senior Software Engineer Cloud Platform,Signifyd,United States,"['software', 'system', 'architect', 'technical', 'cloud', 'management', 'senior', 'engineer', 'engineering']"
software engineer,Senior Compliance Manager,Donorbox,Europe,"['manager', 'system', 'security', 'support', 'software', 'growth', 'management', 'senior', 'sales']"
software engineer,Frontend Developer Vue.js,Insider One,,"['frontend', 'developer', 'design', 'saas', 'front-end', 'back-end', 'training', 'software', 'testing', 'code', 'web', 'voice', 'devops', 'laravel', 'cloud', 'css', 'node', 'marketing', 'go', 'health', 'digital nomad']"
software engineer,Freelance Senior Full Stack Software Architect and Collateral Management Specialist,WISE INTEGRATION,Remote,"['architect', 'software', 'design', 'training', 'full-stack', 'technical', 'support', 'code', 'devops', 'management', 'lead', 'senior', 'digital nomad']"
software engineer,Senior Software Engineer App Infra,Ocrolus Inc.,,"['software', 'architect', 'technical', 'testing', 'financial', 'cloud', 'senior', 'analytics', 'engineer', 'backend']"
software engineer,Crypto Trader,Fox GLobal Assets,,"['finance', 'education', 'crypto', 'legal', 'junior', 'web3', 'blockchain', 'defi', 'part time', 'other', 'ops', 'stats']"
software engineer,UI UX Designer UK,Bjak ,London,"['ui', 'ux', 'design', 'designer', 'growth', 'financial', 'mobile', 'operations', 'digital nomad']"
software engineer,Aprio PH People Operations Coordinator,Aprio,"Clark, Pampanga","['hr', 'system', 'coordinator', 'support', 'growth', 'finance', 'microsoft', 'management', 'operations', 'full-time']"
software engineer,Product Designer,Bjak ,London,"['design', 'system', 'designer', 'growth', 'ui', 'ux', 'web', 'financial', 'mobile', 'operations', 'digital nomad']"
software engineer,Director AI,Syner-G,,"['director', 'consulting', 'support', 'growth', 'financial', 'video', 'management']"
software engineer,Senior Manager International Sales,BambooHR,London,"['manager', 'support', 'growth', 'director', 'voice', 'finance', 'strategy', 'senior', 'operational', 'marketing', 'sales']"
software engineer,Technical Support Analyst,Yuno,,"['analyst', 'system', 'technical', 'support', 'api', 'management', 'operations', 'operational', 'reliability', 'backend']"
software engineer,Director Revenue Transformation,Gong.io,Austin | Chicago | New York City | Salt Lake City | San Francisco,"['director', 'system', 'senior', 'sales']"
software engineer,Account Executive,GuidePoint Security,Boston,"['infosec', 'salesforce', 'security', 'travel', 'management', 'marketing', 'sales', 'executive']"
software engineer,Partner Development Director,Clozd,"Lehi, UT / Remote","['director', 'embedded', 'consulting', 'growth', 'leader', 'lead', 'senior', 'operations', 'sales', 'executive']"
software engineer,Test Automation Engineer,540,,"['test', 'design', 'system', 'support', 'testing', 'api', 'engineer', 'engineering', 'full-time', 'digital nomad']"
software engineer,Product Manager,Lively,San Francisco,"['manager', 'design', 'financial', 'strategy', 'lead', 'senior', 'health', 'healthcare', 'digital nomad']"
software engineer,Senior Solutions Architect,540,,"['architect', 'design', 'system', 'technical', 'support', 'cloud', 'lead', 'senior', 'operations', 'reliability', 'engineering', 'digital nomad']"
software engineer,CNAPP Security Engineer Mid Atlantic region,GuidePoint Security,"Reston, VA","['infosec', 'security', 'code', 'c', 'cloud', 'engineer']"
software engineer,Travel & Visa Manager,Eqvilent,Remote,"['travel', 'manager', 'support', 'management', 'non tech']"
software engineer,Paralegal Legal Operations,"Sterlington, PLLC",SÃ£o Paulo,"['support', 'senior', 'operations', 'legal', 'executive', 'non tech']"
software engineer,Retail Strategic Associate,Rowan,,"['training', 'consulting', 'strategy', 'content', 'operations', 'health', 'non tech']"
software engineer,Service Operations Scheduler,Palmetto Clean Technology,Philippines,"['system', 'financial', 'management', 'operations']"
software engineer,Regulatory Manager Senior Regulatory Manager,Precision Medicine Group,"Remote, United Kingdom","['manager', 'strategy', 'senior', 'operational', 'recruiting']"
software engineer,Manager Product Analytics,Pinwheel,Remote,"['manager', 'design', 'financial', 'banking', 'analytics', 'digital nomad']"
software engineer,Retail Store Associate,Rowan,"Gainesville, FL","['training', 'software', 'math', 'management', 'sales', 'health']"
software engineer,Business Development Manager Real World Data,Glooko,,"['manager', 'support', 'growth', 'management', 'sales', 'biotech', 'health', 'healthcare']"
software engineer,Piercing Studio Nurse,Rowan,"Ardmore, PA","['training', 'technical', 'support', 'manager', 'management', 'operations', 'operational', 'sales', 'health', 'full-time']"
software engineer,Director of Content Marketing &amp; Media,Luxury Presence,"New York, NY","['director', 'design', 'saas', 'founder', 'ceo', 'technical', 'growth', 'web', 'video', 'investment', 'c', 'seo', 'strategy', 'lead', 'content', 'marketing', 'full-time', 'digital nomad']"
software engineer,Banking Full Stack Software Developer TSCM 43657,Eleks,Poland,"['developer', 'software', 'security', 'python', 'trainer', 'full-stack', 'technical', 'web', 'javascript', 'banking', 'angular', 'leader', 'senior', 'engineering', 'digital nomad']"
data engineer,Senior Account Manager,Keyloop,South Africa,"['manager', 'training', 'support', 'growth', 'director', 'travel', 'investment', 'senior', 'operational', 'sales']"
data engineer,Manager Digital Media Strategy,"Adswerve, Inc",,"['manager', 'consultancy', 'technical', 'support', 'strategy', 'lead', 'senior']"
data engineer,Digital Media Strategist,"Adswerve, Inc",,"['consultancy', 'architect', 'technical', 'strategist', 'testing', 'growth', 'strategy', 'lead', 'executive']"
data engineer,Product Manager ChartCheck,Radformation,,['manager']
data engineer,Product Growth Marketer,Happily,,"['marketing', 'product']"
data engineer,Crypto Trader,Fox GLobal Assets,,"['finance', 'education', 'crypto', 'legal', 'junior', 'web3', 'blockchain', 'defi', 'part time', 'other', 'stats', 'ops']"
data engineer,Software Engineer Identity & Access,Patreon,,"['software', 'security', 'python', 'support', 'testing', 'growth', 'code', 'senior', 'reliability', 'engineer', 'engineering']"
data engineer,Technical Implementations Lead US,Smile Digital Health,Remote US,"['system', 'security', 'python', 'technical', 'support', 'software', 'javascript', 'java', 'cloud', 'management', 'lead', 'medical', 'health', 'healthcare', 'engineering']"
data engineer,Manager Healthcare Data Analytics,Habitat Health,,"['manager', 'support', 'analytics', 'medical', 'health', 'healthcare', 'non tech']"
data engineer,Account Executive Collections Credit Card,BHG Financial,Remote,"['training', 'growth', 'finance', 'financial', 'management', 'executive']"
data engineer,Sr Technical Program Manager Order Management Services,Natera,US Remote,"['manager', 'system', 'technical', 'management', 'lead', 'operational', 'reliability', 'engineering']"
data engineer,Nurse Care Manager MST,Evergreen Nephrology,,"['manager', 'system', 'healthcare']"
data engineer,Manager Care Team Assistant,Imagine Pediatrics,,"['manager', 'assistant', 'coordinator', 'support', 'health', 'non tech']"
data engineer,Senior Product Manager Applied AI,Smartsheet,,"['manager', 'director', 'management', 'senior', 'junior']"
data engineer,Revenue Specialist First Party Auto MVA,EnableComp,,"['system', 'security', 'support', 'growth', 'financial', 'education', 'management', 'health', 'healthcare']"
data engineer,SVP Sales,InMarket,,"['growth', 'mobile', 'leader', 'lead', 'operational', 'marketing', 'sales']"
data engineer,Senior Technical Lead,Calibrate Group AI,,['engineer']
data engineer,Product Engineer,SuperPlane,,"['senior', 'engineer', 'exec']"
data engineer,Interior Design Specifier,Bold Business,"India, Latin America, Philippines","['design', 'designer', 'technical', 'support', 'code', 'strategy', 'lead', 'sales', 'digital nomad']"
data engineer,Software Engineer Android,Superhuman,Berlin,"['software', 'design', 'technical', 'support', 'ui', 'assistant', 'mobile', 'android', 'health', 'engineer', 'recruitment', 'educational', 'full-time', 'digital nomad']"
data engineer,Product Manager Data Platform,Spotify,Toronto,"['manager', 'growth']"
data engineer,Senior EDI e invoicing Integration Engineer with English and German French Italian Chinese,ecosio,,"['saas', 'system', 'technical', 'web', 'cloud', 'senior', 'engineer', 'engineering']"
data engineer,Field Marketing Manager,Brandwatch,,"['manager', 'growth', 'voice', 'strategy', 'lead', 'content', 'marketer', 'marketing', 'sales']"
data engineer,Creative Strategist,Maneuver Marketing,,"['strategist', 'support', 'testing', 'growth', 'financial', 'video', 'ads', 'strategy', 'content', 'marketing', 'health', 'educational']"
data engineer,Creative Strategist,Maneuver Marketing,,"['strategist', 'testing', 'growth', 'financial', 'strategy', 'marketing', 'health']"
data engineer,Data Analyst,Criptoro,,"['other', 'analyst', 'crypto', 'defi', 'blockchain', 'web3']"
data engineer,Imaging Research and Development Associate,Alimentiv,,"['design', 'training', 'support', 'voice', 'management', 'operational', 'digital nomad']"
data engineer,Learning and Development Specialist,Headlight,,"['system', 'training', 'support', 'adult', 'microsoft', 'management', 'content', 'operational', 'health', 'healthcare']"
data engineer,VP of Engineering,Sureify,US,"['technical', 'software', 'lead', 'operational', 'engineering']"
data engineer,Licensed Mental Health Counselor,LifeStance Health,"Tacoma, WA","['lead', 'medical', 'health', 'healthcare', 'full-time', 'non tech']"
data engineer,Business Development Representative Enterprise,Spellbook,,"['saas', 'support', 'software', 'test', 'manager', 'microsoft', 'lead', 'legal', 'sales', 'health', 'recruitment']"
data engineer,Project Manager I,TEECOM,Remote - United States,"['manager', 'training', 'designer', 'recruiter', 'support', 'travel', 'financial', 'microsoft', 'management', 'lead', 'operations', 'operational', 'legal', 'reliability', 'health', 'recruiting', 'recruitment', 'full-time', 'non tech']"
data engineer,Customer Success Engineer,Wrike,US,"['saas', 'training', 'technical', 'investment', 'management', 'lead', 'senior', 'engineer']"
data engineer,Senior Sales Operations Analyst,Honeycomb.io,United States,"['analyst', 'developer', 'senior', 'operations', 'sales', 'digital nomad']"
data engineer,Certified Medical Coder,Cartwheel,"Cambridge, MA","['coder', 'students', 'director', 'strategy', 'lead', 'operational', 'health', 'non tech']"
data engineer,Vice President Marketing,Imagine Pediatrics,,"['support', 'leader', 'strategy', 'marketing', 'health', 'non tech']"
data engineer,Local Advertising Account Executive,Axios,"Atlanta, GA","['testing', 'financial', 'healthcare', 'executive']"
data engineer,Senior Site Reliability Engineer,UJET,"Austin, TX, US","['design', 'system', 'technical', 'growth', 'cloud', 'leader', 'senior', 'operations', 'operational', 'reliability', 'engineer', 'engineering', 'digital nomad']"
data engineer,VP People Operations,Machinify,Remote - US,"['design', 'hr', 'system', 'financial', 'operations', 'health', 'healthcare', 'digital nomad']"
data engineer,Geospatial Database Administrator,Ardent,,"['system', 'support', 'administrator', 'management']"
data engineer,Product Lead Agentic Ads Platform,Hightouch,"SF, NY, Remote","['strategist', 'test', 'growth', 'travel', 'cloud', 'ads', 'leader', 'lead', 'marketing']"
data engineer,Performance Marketing Manager,Komodo Health,United States,"['manager', 'system', 'software', 'marketing', 'medical', 'healthcare']"
data engineer,Purchasing Specialist III,LG Electronics,"Huntsville, AL","['support', 'c', 'leader', 'management', 'operations', 'health', 'non tech']"
data engineer,Senior Software Engineer Golang,Insider One,"Istanbul, Turkiye","['software', 'design', 'saas', 'system', 'training', 'technical', 'testing', 'code', 'voice', 'senior', 'marketing', 'go', 'golang', 'health', 'engineer', 'engineering', 'backend', 'digital nomad']"
data engineer,Sales Executive,OneVest,United States of America,"['salesforce', 'financial', 'management', 'sales', 'executive']"
data engineer,Senior Systems Administrator,Entersekt,Oslo,"['system', '3d', 'teaching', 'financial', 'banking', 'administrator', 'mobile', 'leader', 'senior']"
data engineer,Senior Product Designer,Fluxon,United States,"['design', 'designer', 'senior', 'engineering', 'digital nomad']"
data engineer,Master Scheduler,DEFCON AI,USA,"['coordinator', 'software', 'operational', 'engineering']"
data engineer,AI Transformation Lead,Insider One,"Istanbul, Turkiye","['design', 'saas', 'training', 'technical', 'support', 'developer', 'software', 'test', 'code', 'scrum', 'voice', 'qa', 'strategy', 'management', 'lead', 'marketing', 'go', 'health', 'digital nomad']"
data engineer,Solution Expert,360Learning,"Canada, Remote","['saas', 'hr', 'consulting', 'technical', 'support', 'leader', 'management', 'lead', 'health', 'executive']"
data engineer,VP Sales,Unlimit,,"['growth', 'financial', 'fintech', 'rails', 'management', 'lead', 'senior', 'sales']"
data engineer,NEOWIZ Santa Monica Localization Manager,Neowiz,NEOWIZ SANTA MONICA,"['manager', 'game', 'support', 'voice', 'strategy', 'management', 'content', 'operational', 'marketing', 'non tech']"
data engineer,Executive Director Regulatory Affairs,Kyverna Therapeutics,Remote,"['director', 'support', 'leader', 'strategy', 'management', 'lead', 'senior', 'operational', 'legal', 'health', 'executive']"
data engineer,AI Senior Fullstack Engineer,Contentsquare,Germany,"['front-end', 'support', 'software', 'web', 'leader', 'senior', 'analytics', 'engineer', 'engineering', 'recruitment', 'fullstack', 'full-time']"
data engineer,Sales Development Representative,Jeeves,Argentina,"['system', 'training', 'software', 'financial', 'finance', 'fintech', 'management', 'lead', 'content', 'marketing', 'sales', 'full-time']"
data engineer,Deputy Director Non entive Programs,CALSTART,"Remote, CA","['director', 'security', 'training', 'technical', 'support', 'software', 'growth', 'travel', 'bank', 'leader', 'strategy', 'management', 'content', 'senior', 'operational', 'health', 'recruiting', 'recruitment']"
data engineer,Backend Engineer Rome,Air Apps,Rome,"['design', 'graphql', 'frontend', 'support', 'software', 'testing', 'code', 'financial', 'cloud', 'git', 'operations', 'reliability', 'health', 'engineer', 'engineering', 'backend', 'digital nomad']"
data engineer,Operations Associate Payment Integrity,Clover Health,USA,"['support', 'financial', 'management', 'operations', 'medical', 'health', 'healthcare', 'backend', 'non tech']"
data engineer,Nurse Care Manager Transitions of Care,Evergreen Nephrology,,"['manager', 'system', 'healthcare']"
data engineer,Content Compliance Manager OTC Supplements and Cosmetics,Strive Pharmacy,,"['manager', 'content', 'health', 'healthcare', 'non tech']"
data engineer,Senior Solution Consultant,Highspot,United States,"['consultant', 'salesforce', 'infosec', 'technical', 'support', 'software', 'api', 'microsoft', 'management', 'lead', 'content', 'senior', 'sales', 'health', 'engineer', 'executive']"
data engineer,Technical Support Manager,Promenade,Remote,"['manager', 'saas', 'technical', 'support', 'software', 'voice', 'management', 'lead', 'senior', 'operations', 'operational', 'excel', 'engineering']"
data engineer,Creative Director,Runway,,"['director', 'video', 'leader', 'content', 'senior', 'marketing', 'go', 'non tech']"
data engineer,Spanish Bilingual Certified Pharmacy Technician Refill & Medication Adherence,Shields Health Solutions,,"['system', 'support', 'medical', 'health']"
data engineer,Manager Retention,Evolve,,"['manager', 'consult', 'strategy', 'management', 'lead', 'senior']"
data engineer,Engineering Manager,Calendly,Remote,"['manager', 'technical', 'software', 'growth', 'director', 'api', 'leader', 'senior', 'engineering']"
data engineer,Senior React Native Developer,Headway,,"['engineer', 'mobile', 'javascript', 'react', 'dev', 'iOS', 'android']"
data engineer,Global Data Partnership Director,Insider One,United States,"['director', 'saas', 'training', 'consulting', 'test', 'growth', 'code', 'voice', 'management', 'content', 'marketing', 'sales', 'go']"
data engineer,PR Social Media Intern,Sezzle,Colombia,"['support', 'video', 'fintech', 'content', 'marketing', 'sales', 'ecommerce', 'non tech']"
data engineer,Senior Software Engineer Cloud Platform,Signifyd,United States,"['software', 'system', 'architect', 'technical', 'cloud', 'management', 'senior', 'engineer', 'engineering']"
data engineer,Senior Compliance Manager,Donorbox,Europe,"['manager', 'system', 'security', 'support', 'software', 'growth', 'management', 'senior', 'sales']"
data engineer,Frontend Developer Vue.js,Insider One,,"['frontend', 'developer', 'design', 'saas', 'front-end', 'back-end', 'training', 'software', 'testing', 'code', 'web', 'voice', 'devops', 'laravel', 'cloud', 'css', 'node', 'marketing', 'go', 'health', 'digital nomad']"
data engineer,Freelance Senior Full Stack Software Architect and Collateral Management Specialist,WISE INTEGRATION,Remote,"['architect', 'software', 'design', 'training', 'full-stack', 'technical', 'support', 'code', 'devops', 'management', 'lead', 'senior', 'digital nomad']"
data engineer,Senior Software Engineer App Infra,Ocrolus Inc.,,"['software', 'architect', 'technical', 'testing', 'financial', 'cloud', 'senior', 'analytics', 'engineer', 'backend']"
data engineer,Crypto Trader,Fox GLobal Assets,,"['finance', 'education', 'crypto', 'legal', 'junior', 'web3', 'blockchain', 'defi', 'part time', 'other', 'ops', 'stats']"
data engineer,UI UX Designer UK,Bjak ,London,"['ui', 'ux', 'design', 'designer', 'growth', 'financial', 'mobile', 'operations', 'digital nomad']"
data engineer,Aprio PH People Operations Coordinator,Aprio,"Clark, Pampanga","['hr', 'system', 'coordinator', 'support', 'growth', 'finance', 'microsoft', 'management', 'operations', 'full-time']"
data engineer,Product Designer,Bjak ,London,"['design', 'system', 'designer', 'growth', 'ui', 'ux', 'web', 'financial', 'mobile', 'operations', 'digital nomad']"
data engineer,Director AI,Syner-G,,"['director', 'consulting', 'support', 'growth', 'financial', 'video', 'management']"
data engineer,Senior Manager International Sales,BambooHR,London,"['manager', 'support', 'growth', 'director', 'voice', 'finance', 'strategy', 'senior', 'operational', 'marketing', 'sales']"
data engineer,Technical Support Analyst,Yuno,,"['analyst', 'system', 'technical', 'support', 'api', 'management', 'operations', 'operational', 'reliability', 'backend']"
data engineer,Director Revenue Transformation,Gong.io,Austin | Chicago | New York City | Salt Lake City | San Francisco,"['director', 'system', 'senior', 'sales']"
data engineer,Account Executive,GuidePoint Security,Boston,"['infosec', 'salesforce', 'security', 'travel', 'management', 'marketing', 'sales', 'executive']"
data engineer,Partner Development Director,Clozd,"Lehi, UT / Remote","['director', 'embedded', 'consulting', 'growth', 'leader', 'lead', 'senior', 'operations', 'sales', 'executive']"
data engineer,Test Automation Engineer,540,,"['test', 'design', 'system', 'support', 'testing', 'api', 'engineer', 'engineering', 'full-time', 'digital nomad']"
data engineer,Product Manager,Lively,San Francisco,"['manager', 'design', 'financial', 'strategy', 'lead', 'senior', 'health', 'healthcare', 'digital nomad']"
data engineer,Senior Solutions Architect,540,,"['architect', 'design', 'system', 'technical', 'support', 'cloud', 'lead', 'senior', 'operations', 'reliability', 'engineering', 'digital nomad']"
data engineer,CNAPP Security Engineer Mid Atlantic region,GuidePoint Security,"Reston, VA","['infosec', 'security', 'code', 'c', 'cloud', 'engineer']"
data engineer,Travel & Visa Manager,Eqvilent,Remote,"['travel', 'manager', 'support', 'management', 'non tech']"
data engineer,Paralegal Legal Operations,"Sterlington, PLLC",SÃ£o Paulo,"['support', 'senior', 'operations', 'legal', 'executive', 'non tech']"
data engineer,Retail Strategic Associate,Rowan,,"['training', 'consulting', 'strategy', 'content', 'operations', 'health', 'non tech']"
data engineer,Service Operations Scheduler,Palmetto Clean Technology,Philippines,"['system', 'financial', 'management', 'operations']"
data engineer,Regulatory Manager Senior Regulatory Manager,Precision Medicine Group,"Remote, United Kingdom","['manager', 'strategy', 'senior', 'operational', 'recruiting']"
data engineer,Manager Product Analytics,Pinwheel,Remote,"['manager', 'design', 'financial', 'banking', 'analytics', 'digital nomad']"
data engineer,Retail Store Associate,Rowan,"Gainesville, FL","['training', 'software', 'math', 'management', 'sales', 'health']"
data engineer,Business Development Manager Real World Data,Glooko,,"['manager', 'support', 'growth', 'management', 'sales', 'biotech', 'health', 'healthcare']"
data engineer,Piercing Studio Nurse,Rowan,"Ardmore, PA","['training', 'technical', 'support', 'manager', 'management', 'operations', 'operational', 'sales', 'health', 'full-time']"
data engineer,Director of Content Marketing &amp; Media,Luxury Presence,"New York, NY","['director', 'design', 'saas', 'founder', 'ceo', 'technical', 'growth', 'web', 'video', 'investment', 'c', 'seo', 'strategy', 'lead', 'content', 'marketing', 'full-time', 'digital nomad']"
data engineer,Banking Full Stack Software Developer TSCM 43657,Eleks,Poland,"['developer', 'software', 'security', 'python', 'trainer', 'full-stack', 'technical', 'web', 'javascript', 'banking', 'angular', 'leader', 'senior', 'engineering', 'digital nomad']"
AI engineer,Senior Account Manager,Keyloop,South Africa,"['manager', 'training', 'support', 'growth', 'director', 'travel', 'investment', 'senior', 'operational', 'sales']"
AI engineer,Manager Digital Media Strategy,"Adswerve, Inc",,"['manager', 'consultancy', 'technical', 'support', 'strategy', 'lead', 'senior']"
AI engineer,Digital Media Strategist,"Adswerve, Inc",,"['consultancy', 'architect', 'technical', 'strategist', 'testing', 'growth', 'strategy', 'lead', 'executive']"
AI engineer,Product Manager ChartCheck,Radformation,,['manager']
AI engineer,Product Growth Marketer,Happily,,"['marketing', 'product']"
AI engineer,Crypto Trader,Fox GLobal Assets,,"['finance', 'education', 'crypto', 'legal', 'junior', 'web3', 'blockchain', 'defi', 'part time', 'other', 'stats', 'ops']"
AI engineer,Software Engineer Identity & Access,Patreon,,"['software', 'security', 'python', 'support', 'testing', 'growth', 'code', 'senior', 'reliability', 'engineer', 'engineering']"
AI engineer,Technical Implementations Lead US,Smile Digital Health,Remote US,"['system', 'security', 'python', 'technical', 'support', 'software', 'javascript', 'java', 'cloud', 'management', 'lead', 'medical', 'health', 'healthcare', 'engineering']"
AI engineer,Manager Healthcare Data Analytics,Habitat Health,,"['manager', 'support', 'analytics', 'medical', 'health', 'healthcare', 'non tech']"
AI engineer,Account Executive Collections Credit Card,BHG Financial,Remote,"['training', 'growth', 'finance', 'financial', 'management', 'executive']"
AI engineer,Sr Technical Program Manager Order Management Services,Natera,US Remote,"['manager', 'system', 'technical', 'management', 'lead', 'operational', 'reliability', 'engineering']"
AI engineer,Nurse Care Manager MST,Evergreen Nephrology,,"['manager', 'system', 'healthcare']"
AI engineer,Manager Care Team Assistant,Imagine Pediatrics,,"['manager', 'assistant', 'coordinator', 'support', 'health', 'non tech']"
AI engineer,Senior Product Manager Applied AI,Smartsheet,,"['manager', 'director', 'management', 'senior', 'junior']"
AI engineer,Revenue Specialist First Party Auto MVA,EnableComp,,"['system', 'security', 'support', 'growth', 'financial', 'education', 'management', 'health', 'healthcare']"
AI engineer,SVP Sales,InMarket,,"['growth', 'mobile', 'leader', 'lead', 'operational', 'marketing', 'sales']"
AI engineer,Senior Technical Lead,Calibrate Group AI,,['engineer']
AI engineer,Product Engineer,SuperPlane,,"['senior', 'engineer', 'exec']"
AI engineer,Interior Design Specifier,Bold Business,"India, Latin America, Philippines","['design', 'designer', 'technical', 'support', 'code', 'strategy', 'lead', 'sales', 'digital nomad']"
AI engineer,Software Engineer Android,Superhuman,Berlin,"['software', 'design', 'technical', 'support', 'ui', 'assistant', 'mobile', 'android', 'health', 'engineer', 'recruitment', 'educational', 'full-time', 'digital nomad']"
AI engineer,Product Manager Data Platform,Spotify,Toronto,"['manager', 'growth']"
AI engineer,Senior EDI e invoicing Integration Engineer with English and German French Italian Chinese,ecosio,,"['saas', 'system', 'technical', 'web', 'cloud', 'senior', 'engineer', 'engineering']"
AI engineer,Field Marketing Manager,Brandwatch,,"['manager', 'growth', 'voice', 'strategy', 'lead', 'content', 'marketer', 'marketing', 'sales']"
AI engineer,Creative Strategist,Maneuver Marketing,,"['strategist', 'support', 'testing', 'growth', 'financial', 'video', 'ads', 'strategy', 'content', 'marketing', 'health', 'educational']"
AI engineer,Creative Strategist,Maneuver Marketing,,"['strategist', 'testing', 'growth', 'financial', 'strategy', 'marketing', 'health']"
AI engineer,Data Analyst,Criptoro,,"['other', 'analyst', 'crypto', 'defi', 'blockchain', 'web3']"
AI engineer,Imaging Research and Development Associate,Alimentiv,,"['design', 'training', 'support', 'voice', 'management', 'operational', 'digital nomad']"
AI engineer,Learning and Development Specialist,Headlight,,"['system', 'training', 'support', 'adult', 'microsoft', 'management', 'content', 'operational', 'health', 'healthcare']"
AI engineer,VP of Engineering,Sureify,US,"['technical', 'software', 'lead', 'operational', 'engineering']"
AI engineer,Licensed Mental Health Counselor,LifeStance Health,"Tacoma, WA","['lead', 'medical', 'health', 'healthcare', 'full-time', 'non tech']"
AI engineer,Business Development Representative Enterprise,Spellbook,,"['saas', 'support', 'software', 'test', 'manager', 'microsoft', 'lead', 'legal', 'sales', 'health', 'recruitment']"
AI engineer,Project Manager I,TEECOM,Remote - United States,"['manager', 'training', 'designer', 'recruiter', 'support', 'travel', 'financial', 'microsoft', 'management', 'lead', 'operations', 'operational', 'legal', 'reliability', 'health', 'recruiting', 'recruitment', 'full-time', 'non tech']"
AI engineer,Customer Success Engineer,Wrike,US,"['saas', 'training', 'technical', 'investment', 'management', 'lead', 'senior', 'engineer']"
AI engineer,Senior Sales Operations Analyst,Honeycomb.io,United States,"['analyst', 'developer', 'senior', 'operations', 'sales', 'digital nomad']"
AI engineer,Certified Medical Coder,Cartwheel,"Cambridge, MA","['coder', 'students', 'director', 'strategy', 'lead', 'operational', 'health', 'non tech']"
AI engineer,Vice President Marketing,Imagine Pediatrics,,"['support', 'leader', 'strategy', 'marketing', 'health', 'non tech']"
AI engineer,Local Advertising Account Executive,Axios,"Atlanta, GA","['testing', 'financial', 'healthcare', 'executive']"
AI engineer,Senior Site Reliability Engineer,UJET,"Austin, TX, US","['design', 'system', 'technical', 'growth', 'cloud', 'leader', 'senior', 'operations', 'operational', 'reliability', 'engineer', 'engineering', 'digital nomad']"
AI engineer,VP People Operations,Machinify,Remote - US,"['design', 'hr', 'system', 'financial', 'operations', 'health', 'healthcare', 'digital nomad']"
AI engineer,Geospatial Database Administrator,Ardent,,"['system', 'support', 'administrator', 'management']"
AI engineer,Product Lead Agentic Ads Platform,Hightouch,"SF, NY, Remote","['strategist', 'test', 'growth', 'travel', 'cloud', 'ads', 'leader', 'lead', 'marketing']"
AI engineer,Performance Marketing Manager,Komodo Health,United States,"['manager', 'system', 'software', 'marketing', 'medical', 'healthcare']"
AI engineer,Purchasing Specialist III,LG Electronics,"Huntsville, AL","['support', 'c', 'leader', 'management', 'operations', 'health', 'non tech']"
AI engineer,Senior Software Engineer Golang,Insider One,"Istanbul, Turkiye","['software', 'design', 'saas', 'system', 'training', 'technical', 'testing', 'code', 'voice', 'senior', 'marketing', 'go', 'golang', 'health', 'engineer', 'engineering', 'backend', 'digital nomad']"
AI engineer,Sales Executive,OneVest,United States of America,"['salesforce', 'financial', 'management', 'sales', 'executive']"
AI engineer,Senior Systems Administrator,Entersekt,Oslo,"['system', '3d', 'teaching', 'financial', 'banking', 'administrator', 'mobile', 'leader', 'senior']"
AI engineer,Senior Product Designer,Fluxon,United States,"['design', 'designer', 'senior', 'engineering', 'digital nomad']"
AI engineer,Master Scheduler,DEFCON AI,USA,"['coordinator', 'software', 'operational', 'engineering']"
AI engineer,AI Transformation Lead,Insider One,"Istanbul, Turkiye","['design', 'saas', 'training', 'technical', 'support', 'developer', 'software', 'test', 'code', 'scrum', 'voice', 'qa', 'strategy', 'management', 'lead', 'marketing', 'go', 'health', 'digital nomad']"
AI engineer,Solution Expert,360Learning,"Canada, Remote","['saas', 'hr', 'consulting', 'technical', 'support', 'leader', 'management', 'lead', 'health', 'executive']"
AI engineer,VP Sales,Unlimit,,"['growth', 'financial', 'fintech', 'rails', 'management', 'lead', 'senior', 'sales']"
AI engineer,NEOWIZ Santa Monica Localization Manager,Neowiz,NEOWIZ SANTA MONICA,"['manager', 'game', 'support', 'voice', 'strategy', 'management', 'content', 'operational', 'marketing', 'non tech']"
AI engineer,Executive Director Regulatory Affairs,Kyverna Therapeutics,Remote,"['director', 'support', 'leader', 'strategy', 'management', 'lead', 'senior', 'operational', 'legal', 'health', 'executive']"
AI engineer,AI Senior Fullstack Engineer,Contentsquare,Germany,"['front-end', 'support', 'software', 'web', 'leader', 'senior', 'analytics', 'engineer', 'engineering', 'recruitment', 'fullstack', 'full-time']"
AI engineer,Sales Development Representative,Jeeves,Argentina,"['system', 'training', 'software', 'financial', 'finance', 'fintech', 'management', 'lead', 'content', 'marketing', 'sales', 'full-time']"
AI engineer,Deputy Director Non entive Programs,CALSTART,"Remote, CA","['director', 'security', 'training', 'technical', 'support', 'software', 'growth', 'travel', 'bank', 'leader', 'strategy', 'management', 'content', 'senior', 'operational', 'health', 'recruiting', 'recruitment']"
AI engineer,Backend Engineer Rome,Air Apps,Rome,"['design', 'graphql', 'frontend', 'support', 'software', 'testing', 'code', 'financial', 'cloud', 'git', 'operations', 'reliability', 'health', 'engineer', 'engineering', 'backend', 'digital nomad']"
AI engineer,Operations Associate Payment Integrity,Clover Health,USA,"['support', 'financial', 'management', 'operations', 'medical', 'health', 'healthcare', 'backend', 'non tech']"
AI engineer,Nurse Care Manager Transitions of Care,Evergreen Nephrology,,"['manager', 'system', 'healthcare']"
AI engineer,Content Compliance Manager OTC Supplements and Cosmetics,Strive Pharmacy,,"['manager', 'content', 'health', 'healthcare', 'non tech']"
AI engineer,Senior Solution Consultant,Highspot,United States,"['consultant', 'salesforce', 'infosec', 'technical', 'support', 'software', 'api', 'microsoft', 'management', 'lead', 'content', 'senior', 'sales', 'health', 'engineer', 'executive']"
AI engineer,Technical Support Manager,Promenade,Remote,"['manager', 'saas', 'technical', 'support', 'software', 'voice', 'management', 'lead', 'senior', 'operations', 'operational', 'excel', 'engineering']"
AI engineer,Creative Director,Runway,,"['director', 'video', 'leader', 'content', 'senior', 'marketing', 'go', 'non tech']"
AI engineer,Spanish Bilingual Certified Pharmacy Technician Refill & Medication Adherence,Shields Health Solutions,,"['system', 'support', 'medical', 'health']"
AI engineer,Manager Retention,Evolve,,"['manager', 'consult', 'strategy', 'management', 'lead', 'senior']"
AI engineer,Engineering Manager,Calendly,Remote,"['manager', 'technical', 'software', 'growth', 'director', 'api', 'leader', 'senior', 'engineering']"
AI engineer,Senior React Native Developer,Headway,,"['engineer', 'mobile', 'javascript', 'react', 'dev', 'iOS', 'android']"
AI engineer,Global Data Partnership Director,Insider One,United States,"['director', 'saas', 'training', 'consulting', 'test', 'growth', 'code', 'voice', 'management', 'content', 'marketing', 'sales', 'go']"
AI engineer,PR Social Media Intern,Sezzle,Colombia,"['support', 'video', 'fintech', 'content', 'marketing', 'sales', 'ecommerce', 'non tech']"
AI engineer,Senior Software Engineer Cloud Platform,Signifyd,United States,"['software', 'system', 'architect', 'technical', 'cloud', 'management', 'senior', 'engineer', 'engineering']"
AI engineer,Senior Compliance Manager,Donorbox,Europe,"['manager', 'system', 'security', 'support', 'software', 'growth', 'management', 'senior', 'sales']"
AI engineer,Frontend Developer Vue.js,Insider One,,"['frontend', 'developer', 'design', 'saas', 'front-end', 'back-end', 'training', 'software', 'testing', 'code', 'web', 'voice', 'devops', 'laravel', 'cloud', 'css', 'node', 'marketing', 'go', 'health', 'digital nomad']"
AI engineer,Freelance Senior Full Stack Software Architect and Collateral Management Specialist,WISE INTEGRATION,Remote,"['architect', 'software', 'design', 'training', 'full-stack', 'technical', 'support', 'code', 'devops', 'management', 'lead', 'senior', 'digital nomad']"
AI engineer,Senior Software Engineer App Infra,Ocrolus Inc.,,"['software', 'architect', 'technical', 'testing', 'financial', 'cloud', 'senior', 'analytics', 'engineer', 'backend']"
AI engineer,Crypto Trader,Fox GLobal Assets,,"['finance', 'education', 'crypto', 'legal', 'junior', 'web3', 'blockchain', 'defi', 'part time', 'other', 'ops', 'stats']"
AI engineer,UI UX Designer UK,Bjak ,London,"['ui', 'ux', 'design', 'designer', 'growth', 'financial', 'mobile', 'operations', 'digital nomad']"
AI engineer,Aprio PH People Operations Coordinator,Aprio,"Clark, Pampanga","['hr', 'system', 'coordinator', 'support', 'growth', 'finance', 'microsoft', 'management', 'operations', 'full-time']"
AI engineer,Product Designer,Bjak ,London,"['design', 'system', 'designer', 'growth', 'ui', 'ux', 'web', 'financial', 'mobile', 'operations', 'digital nomad']"
AI engineer,Director AI,Syner-G,,"['director', 'consulting', 'support', 'growth', 'financial', 'video', 'management']"
AI engineer,Senior Manager International Sales,BambooHR,London,"['manager', 'support', 'growth', 'director', 'voice', 'finance', 'strategy', 'senior', 'operational', 'marketing', 'sales']"
AI engineer,Technical Support Analyst,Yuno,,"['analyst', 'system', 'technical', 'support', 'api', 'management', 'operations', 'operational', 'reliability', 'backend']"
AI engineer,Director Revenue Transformation,Gong.io,Austin | Chicago | New York City | Salt Lake City | San Francisco,"['director', 'system', 'senior', 'sales']"
AI engineer,Account Executive,GuidePoint Security,Boston,"['infosec', 'salesforce', 'security', 'travel', 'management', 'marketing', 'sales', 'executive']"
AI engineer,Partner Development Director,Clozd,"Lehi, UT / Remote","['director', 'embedded', 'consulting', 'growth', 'leader', 'lead', 'senior', 'operations', 'sales', 'executive']"
AI engineer,Test Automation Engineer,540,,"['test', 'design', 'system', 'support', 'testing', 'api', 'engineer', 'engineering', 'full-time', 'digital nomad']"
AI engineer,Product Manager,Lively,San Francisco,"['manager', 'design', 'financial', 'strategy', 'lead', 'senior', 'health', 'healthcare', 'digital nomad']"
AI engineer,Senior Solutions Architect,540,,"['architect', 'design', 'system', 'technical', 'support', 'cloud', 'lead', 'senior', 'operations', 'reliability', 'engineering', 'digital nomad']"
AI engineer,CNAPP Security Engineer Mid Atlantic region,GuidePoint Security,"Reston, VA","['infosec', 'security', 'code', 'c', 'cloud', 'engineer']"
AI engineer,Travel & Visa Manager,Eqvilent,Remote,"['travel', 'manager', 'support', 'management', 'non tech']"
AI engineer,Paralegal Legal Operations,"Sterlington, PLLC",SÃ£o Paulo,"['support', 'senior', 'operations', 'legal', 'executive', 'non tech']"
AI engineer,Retail Strategic Associate,Rowan,,"['training', 'consulting', 'strategy', 'content', 'operations', 'health', 'non tech']"
AI engineer,Service Operations Scheduler,Palmetto Clean Technology,Philippines,"['system', 'financial', 'management', 'operations']"
AI engineer,Regulatory Manager Senior Regulatory Manager,Precision Medicine Group,"Remote, United Kingdom","['manager', 'strategy', 'senior', 'operational', 'recruiting']"
AI engineer,Manager Product Analytics,Pinwheel,Remote,"['manager', 'design', 'financial', 'banking', 'analytics', 'digital nomad']"
AI engineer,Retail Store Associate,Rowan,"Gainesville, FL","['training', 'software', 'math', 'management', 'sales', 'health']"
AI engineer,Business Development Manager Real World Data,Glooko,,"['manager', 'support', 'growth', 'management', 'sales', 'biotech', 'health', 'healthcare']"
AI engineer,Piercing Studio Nurse,Rowan,"Ardmore, PA","['training', 'technical', 'support', 'manager', 'management', 'operations', 'operational', 'sales', 'health', 'full-time']"
AI engineer,Director of Content Marketing &amp; Media,Luxury Presence,"New York, NY","['director', 'design', 'saas', 'founder', 'ceo', 'technical', 'growth', 'web', 'video', 'investment', 'c', 'seo', 'strategy', 'lead', 'content', 'marketing', 'full-time', 'digital nomad']"
AI engineer,Banking Full Stack Software Developer TSCM 43657,Eleks,Poland,"['developer', 'software', 'security', 'python', 'trainer', 'full-stack', 'technical', 'web', 'javascript', 'banking', 'angular', 'leader', 'senior', 'engineering', 'digital nomad']"
ML engineer,Senior Account Manager,Keyloop,South Africa,"['manager', 'training', 'support', 'growth', 'director', 'travel', 'investment', 'senior', 'operational', 'sales']"
ML engineer,Manager Digital Media Strategy,"Adswerve, Inc",,"['manager', 'consultancy', 'technical', 'support', 'strategy', 'lead', 'senior']"
ML engineer,Digital Media Strategist,"Adswerve, Inc",,"['consultancy', 'architect', 'technical', 'strategist', 'testing', 'growth', 'strategy', 'lead', 'executive']"
ML engineer,Product Manager ChartCheck,Radformation,,['manager']
ML engineer,Product Growth Marketer,Happily,,"['marketing', 'product']"
ML engineer,Crypto Trader,Fox GLobal Assets,,"['finance', 'education', 'crypto', 'legal', 'junior', 'web3', 'blockchain', 'defi', 'part time', 'other', 'stats', 'ops']"
ML engineer,Software Engineer Identity & Access,Patreon,,"['software', 'security', 'python', 'support', 'testing', 'growth', 'code', 'senior', 'reliability', 'engineer', 'engineering']"
ML engineer,Technical Implementations Lead US,Smile Digital Health,Remote US,"['system', 'security', 'python', 'technical', 'support', 'software', 'javascript', 'java', 'cloud', 'management', 'lead', 'medical', 'health', 'healthcare', 'engineering']"
ML engineer,Manager Healthcare Data Analytics,Habitat Health,,"['manager', 'support', 'analytics', 'medical', 'health', 'healthcare', 'non tech']"
ML engineer,Account Executive Collections Credit Card,BHG Financial,Remote,"['training', 'growth', 'finance', 'financial', 'management', 'executive']"
ML engineer,Sr Technical Program Manager Order Management Services,Natera,US Remote,"['manager', 'system', 'technical', 'management', 'lead', 'operational', 'reliability', 'engineering']"
ML engineer,Nurse Care Manager MST,Evergreen Nephrology,,"['manager', 'system', 'healthcare']"
ML engineer,Manager Care Team Assistant,Imagine Pediatrics,,"['manager', 'assistant', 'coordinator', 'support', 'health', 'non tech']"
ML engineer,Senior Product Manager Applied AI,Smartsheet,,"['manager', 'director', 'management', 'senior', 'junior']"
ML engineer,Revenue Specialist First Party Auto MVA,EnableComp,,"['system', 'security', 'support', 'growth', 'financial', 'education', 'management', 'health', 'healthcare']"
ML engineer,SVP Sales,InMarket,,"['growth', 'mobile', 'leader', 'lead', 'operational', 'marketing', 'sales']"
ML engineer,Senior Technical Lead,Calibrate Group AI,,['engineer']
ML engineer,Product Engineer,SuperPlane,,"['senior', 'engineer', 'exec']"
ML engineer,Interior Design Specifier,Bold Business,"India, Latin America, Philippines","['design', 'designer', 'technical', 'support', 'code', 'strategy', 'lead', 'sales', 'digital nomad']"
ML engineer,Software Engineer Android,Superhuman,Berlin,"['software', 'design', 'technical', 'support', 'ui', 'assistant', 'mobile', 'android', 'health', 'engineer', 'recruitment', 'educational', 'full-time', 'digital nomad']"
ML engineer,Product Manager Data Platform,Spotify,Toronto,"['manager', 'growth']"
ML engineer,Senior EDI e invoicing Integration Engineer with English and German French Italian Chinese,ecosio,,"['saas', 'system', 'technical', 'web', 'cloud', 'senior', 'engineer', 'engineering']"
ML engineer,Field Marketing Manager,Brandwatch,,"['manager', 'growth', 'voice', 'strategy', 'lead', 'content', 'marketer', 'marketing', 'sales']"
ML engineer,Creative Strategist,Maneuver Marketing,,"['strategist', 'support', 'testing', 'growth', 'financial', 'video', 'ads', 'strategy', 'content', 'marketing', 'health', 'educational']"
ML engineer,Creative Strategist,Maneuver Marketing,,"['strategist', 'testing', 'growth', 'financial', 'strategy', 'marketing', 'health']"
ML engineer,Data Analyst,Criptoro,,"['other', 'analyst', 'crypto', 'defi', 'blockchain', 'web3']"
ML engineer,Imaging Research and Development Associate,Alimentiv,,"['design', 'training', 'support', 'voice', 'management', 'operational', 'digital nomad']"
ML engineer,Learning and Development Specialist,Headlight,,"['system', 'training', 'support', 'adult', 'microsoft', 'management', 'content', 'operational', 'health', 'healthcare']"
ML engineer,VP of Engineering,Sureify,US,"['technical', 'software', 'lead', 'operational', 'engineering']"
ML engineer,Licensed Mental Health Counselor,LifeStance Health,"Tacoma, WA","['lead', 'medical', 'health', 'healthcare', 'full-time', 'non tech']"
ML engineer,Business Development Representative Enterprise,Spellbook,,"['saas', 'support', 'software', 'test', 'manager', 'microsoft', 'lead', 'legal', 'sales', 'health', 'recruitment']"
ML engineer,Project Manager I,TEECOM,Remote - United States,"['manager', 'training', 'designer', 'recruiter', 'support', 'travel', 'financial', 'microsoft', 'management', 'lead', 'operations', 'operational', 'legal', 'reliability', 'health', 'recruiting', 'recruitment', 'full-time', 'non tech']"
ML engineer,Customer Success Engineer,Wrike,US,"['saas', 'training', 'technical', 'investment', 'management', 'lead', 'senior', 'engineer']"
ML engineer,Senior Sales Operations Analyst,Honeycomb.io,United States,"['analyst', 'developer', 'senior', 'operations', 'sales', 'digital nomad']"
ML engineer,Certified Medical Coder,Cartwheel,"Cambridge, MA","['coder', 'students', 'director', 'strategy', 'lead', 'operational', 'health', 'non tech']"
ML engineer,Vice President Marketing,Imagine Pediatrics,,"['support', 'leader', 'strategy', 'marketing', 'health', 'non tech']"
ML engineer,Local Advertising Account Executive,Axios,"Atlanta, GA","['testing', 'financial', 'healthcare', 'executive']"
ML engineer,Senior Site Reliability Engineer,UJET,"Austin, TX, US","['design', 'system', 'technical', 'growth', 'cloud', 'leader', 'senior', 'operations', 'operational', 'reliability', 'engineer', 'engineering', 'digital nomad']"
ML engineer,VP People Operations,Machinify,Remote - US,"['design', 'hr', 'system', 'financial', 'operations', 'health', 'healthcare', 'digital nomad']"
ML engineer,Geospatial Database Administrator,Ardent,,"['system', 'support', 'administrator', 'management']"
ML engineer,Product Lead Agentic Ads Platform,Hightouch,"SF, NY, Remote","['strategist', 'test', 'growth', 'travel', 'cloud', 'ads', 'leader', 'lead', 'marketing']"
ML engineer,Performance Marketing Manager,Komodo Health,United States,"['manager', 'system', 'software', 'marketing', 'medical', 'healthcare']"
ML engineer,Purchasing Specialist III,LG Electronics,"Huntsville, AL","['support', 'c', 'leader', 'management', 'operations', 'health', 'non tech']"
ML engineer,Senior Software Engineer Golang,Insider One,"Istanbul, Turkiye","['software', 'design', 'saas', 'system', 'training', 'technical', 'testing', 'code', 'voice', 'senior', 'marketing', 'go', 'golang', 'health', 'engineer', 'engineering', 'backend', 'digital nomad']"
ML engineer,Sales Executive,OneVest,United States of America,"['salesforce', 'financial', 'management', 'sales', 'executive']"
ML engineer,Senior Systems Administrator,Entersekt,Oslo,"['system', '3d', 'teaching', 'financial', 'banking', 'administrator', 'mobile', 'leader', 'senior']"
ML engineer,Senior Product Designer,Fluxon,United States,"['design', 'designer', 'senior', 'engineering', 'digital nomad']"
ML engineer,Master Scheduler,DEFCON AI,USA,"['coordinator', 'software', 'operational', 'engineering']"
ML engineer,AI Transformation Lead,Insider One,"Istanbul, Turkiye","['design', 'saas', 'training', 'technical', 'support', 'developer', 'software', 'test', 'code', 'scrum', 'voice', 'qa', 'strategy', 'management', 'lead', 'marketing', 'go', 'health', 'digital nomad']"
ML engineer,Solution Expert,360Learning,"Canada, Remote","['saas', 'hr', 'consulting', 'technical', 'support', 'leader', 'management', 'lead', 'health', 'executive']"
ML engineer,VP Sales,Unlimit,,"['growth', 'financial', 'fintech', 'rails', 'management', 'lead', 'senior', 'sales']"
ML engineer,NEOWIZ Santa Monica Localization Manager,Neowiz,NEOWIZ SANTA MONICA,"['manager', 'game', 'support', 'voice', 'strategy', 'management', 'content', 'operational', 'marketing', 'non tech']"
ML engineer,Executive Director Regulatory Affairs,Kyverna Therapeutics,Remote,"['director', 'support', 'leader', 'strategy', 'management', 'lead', 'senior', 'operational', 'legal', 'health', 'executive']"
ML engineer,AI Senior Fullstack Engineer,Contentsquare,Germany,"['front-end', 'support', 'software', 'web', 'leader', 'senior', 'analytics', 'engineer', 'engineering', 'recruitment', 'fullstack', 'full-time']"
ML engineer,Sales Development Representative,Jeeves,Argentina,"['system', 'training', 'software', 'financial', 'finance', 'fintech', 'management', 'lead', 'content', 'marketing', 'sales', 'full-time']"
ML engineer,Deputy Director Non entive Programs,CALSTART,"Remote, CA","['director', 'security', 'training', 'technical', 'support', 'software', 'growth', 'travel', 'bank', 'leader', 'strategy', 'management', 'content', 'senior', 'operational', 'health', 'recruiting', 'recruitment']"
ML engineer,Backend Engineer Rome,Air Apps,Rome,"['design', 'graphql', 'frontend', 'support', 'software', 'testing', 'code', 'financial', 'cloud', 'git', 'operations', 'reliability', 'health', 'engineer', 'engineering', 'backend', 'digital nomad']"
ML engineer,Operations Associate Payment Integrity,Clover Health,USA,"['support', 'financial', 'management', 'operations', 'medical', 'health', 'healthcare', 'backend', 'non tech']"
ML engineer,Nurse Care Manager Transitions of Care,Evergreen Nephrology,,"['manager', 'system', 'healthcare']"
ML engineer,Content Compliance Manager OTC Supplements and Cosmetics,Strive Pharmacy,,"['manager', 'content', 'health', 'healthcare', 'non tech']"
ML engineer,Senior Solution Consultant,Highspot,United States,"['consultant', 'salesforce', 'infosec', 'technical', 'support', 'software', 'api', 'microsoft', 'management', 'lead', 'content', 'senior', 'sales', 'health', 'engineer', 'executive']"
ML engineer,Technical Support Manager,Promenade,Remote,"['manager', 'saas', 'technical', 'support', 'software', 'voice', 'management', 'lead', 'senior', 'operations', 'operational', 'excel', 'engineering']"
ML engineer,Creative Director,Runway,,"['director', 'video', 'leader', 'content', 'senior', 'marketing', 'go', 'non tech']"
ML engineer,Spanish Bilingual Certified Pharmacy Technician Refill & Medication Adherence,Shields Health Solutions,,"['system', 'support', 'medical', 'health']"
ML engineer,Manager Retention,Evolve,,"['manager', 'consult', 'strategy', 'management', 'lead', 'senior']"
ML engineer,Engineering Manager,Calendly,Remote,"['manager', 'technical', 'software', 'growth', 'director', 'api', 'leader', 'senior', 'engineering']"
ML engineer,Senior React Native Developer,Headway,,"['engineer', 'mobile', 'javascript', 'react', 'dev', 'iOS', 'android']"
ML engineer,Global Data Partnership Director,Insider One,United States,"['director', 'saas', 'training', 'consulting', 'test', 'growth', 'code', 'voice', 'management', 'content', 'marketing', 'sales', 'go']"
ML engineer,PR Social Media Intern,Sezzle,Colombia,"['support', 'video', 'fintech', 'content', 'marketing', 'sales', 'ecommerce', 'non tech']"
ML engineer,Senior Software Engineer Cloud Platform,Signifyd,United States,"['software', 'system', 'architect', 'technical', 'cloud', 'management', 'senior', 'engineer', 'engineering']"
ML engineer,Senior Compliance Manager,Donorbox,Europe,"['manager', 'system', 'security', 'support', 'software', 'growth', 'management', 'senior', 'sales']"
ML engineer,Frontend Developer Vue.js,Insider One,,"['frontend', 'developer', 'design', 'saas', 'front-end', 'back-end', 'training', 'software', 'testing', 'code', 'web', 'voice', 'devops', 'laravel', 'cloud', 'css', 'node', 'marketing', 'go', 'health', 'digital nomad']"
ML engineer,Freelance Senior Full Stack Software Architect and Collateral Management Specialist,WISE INTEGRATION,Remote,"['architect', 'software', 'design', 'training', 'full-stack', 'technical', 'support', 'code', 'devops', 'management', 'lead', 'senior', 'digital nomad']"
ML engineer,Senior Software Engineer App Infra,Ocrolus Inc.,,"['software', 'architect', 'technical', 'testing', 'financial', 'cloud', 'senior', 'analytics', 'engineer', 'backend']"
ML engineer,Crypto Trader,Fox GLobal Assets,,"['finance', 'education', 'crypto', 'legal', 'junior', 'web3', 'blockchain', 'defi', 'part time', 'other', 'ops', 'stats']"
ML engineer,UI UX Designer UK,Bjak ,London,"['ui', 'ux', 'design', 'designer', 'growth', 'financial', 'mobile', 'operations', 'digital nomad']"
ML engineer,Aprio PH People Operations Coordinator,Aprio,"Clark, Pampanga","['hr', 'system', 'coordinator', 'support', 'growth', 'finance', 'microsoft', 'management', 'operations', 'full-time']"
ML engineer,Product Designer,Bjak ,London,"['design', 'system', 'designer', 'growth', 'ui', 'ux', 'web', 'financial', 'mobile', 'operations', 'digital nomad']"
ML engineer,Director AI,Syner-G,,"['director', 'consulting', 'support', 'growth', 'financial', 'video', 'management']"
ML engineer,Senior Manager International Sales,BambooHR,London,"['manager', 'support', 'growth', 'director', 'voice', 'finance', 'strategy', 'senior', 'operational', 'marketing', 'sales']"
ML engineer,Technical Support Analyst,Yuno,,"['analyst', 'system', 'technical', 'support', 'api', 'management', 'operations', 'operational', 'reliability', 'backend']"
ML engineer,Director Revenue Transformation,Gong.io,Austin | Chicago | New York City | Salt Lake City | San Francisco,"['director', 'system', 'senior', 'sales']"
ML engineer,Account Executive,GuidePoint Security,Boston,"['infosec', 'salesforce', 'security', 'travel', 'management', 'marketing', 'sales', 'executive']"
ML engineer,Partner Development Director,Clozd,"Lehi, UT / Remote","['director', 'embedded', 'consulting', 'growth', 'leader', 'lead', 'senior', 'operations', 'sales', 'executive']"
ML engineer,Test Automation Engineer,540,,"['test', 'design', 'system', 'support', 'testing', 'api', 'engineer', 'engineering', 'full-time', 'digital nomad']"
ML engineer,Product Manager,Lively,San Francisco,"['manager', 'design', 'financial', 'strategy', 'lead', 'senior', 'health', 'healthcare', 'digital nomad']"
ML engineer,Senior Solutions Architect,540,,"['architect', 'design', 'system', 'technical', 'support', 'cloud', 'lead', 'senior', 'operations', 'reliability', 'engineering', 'digital nomad']"
ML engineer,CNAPP Security Engineer Mid Atlantic region,GuidePoint Security,"Reston, VA","['infosec', 'security', 'code', 'c', 'cloud', 'engineer']"
ML engineer,Travel & Visa Manager,Eqvilent,Remote,"['travel', 'manager', 'support', 'management', 'non tech']"
ML engineer,Paralegal Legal Operations,"Sterlington, PLLC",SÃ£o Paulo,"['support', 'senior', 'operations', 'legal', 'executive', 'non tech']"
ML engineer,Retail Strategic Associate,Rowan,,"['training', 'consulting', 'strategy', 'content', 'operations', 'health', 'non tech']"
ML engineer,Service Operations Scheduler,Palmetto Clean Technology,Philippines,"['system', 'financial', 'management', 'operations']"
ML engineer,Regulatory Manager Senior Regulatory Manager,Precision Medicine Group,"Remote, United Kingdom","['manager', 'strategy', 'senior', 'operational', 'recruiting']"
ML engineer,Manager Product Analytics,Pinwheel,Remote,"['manager', 'design', 'financial', 'banking', 'analytics', 'digital nomad']"
ML engineer,Retail Store Associate,Rowan,"Gainesville, FL","['training', 'software', 'math', 'management', 'sales', 'health']"
ML engineer,Business Development Manager Real World Data,Glooko,,"['manager', 'support', 'growth', 'management', 'sales', 'biotech', 'health', 'healthcare']"
ML engineer,Piercing Studio Nurse,Rowan,"Ardmore, PA","['training', 'technical', 'support', 'manager', 'management', 'operations', 'operational', 'sales', 'health', 'full-time']"
ML engineer,Director of Content Marketing &amp; Media,Luxury Presence,"New York, NY","['director', 'design', 'saas', 'founder', 'ceo', 'technical', 'growth', 'web', 'video', 'investment', 'c', 'seo', 'strategy', 'lead', 'content', 'marketing', 'full-time', 'digital nomad']"
ML engineer,Banking Full Stack Software Developer TSCM 43657,Eleks,Poland,"['developer', 'software', 'security', 'python', 'trainer', 'full-stack', 'technical', 'web', 'javascript', 'banking', 'angular', 'leader', 'senior', 'engineering', 'digital nomad']"
